{
    "MSE": 0.8119338959913781,
    "R2": 0.24140239027040133
}